S.NO,IMAGES,PARTICULARS,PCS RATE,GRAM,IMAGE ADRESS
,,CHOCOLATES,,,
1,,LOTUS KUNAFA SMALL ,50,,https://down-my.img.susercontent.com/file/my-11134207-7rasa-m3g8nnks4rjw8b
2,,KUNAFA GOLD,55,,CAMERA PIC
3,,DUBAI MILAN KUNAFA,400,45g,CAMERA PIC
4,,KUNAFA CHOCOLATE ,500,200g,CAMERA PIC
5,,LADIO KUNAFA ,500,100g,CAMERA PIC
6,,G? DUBAI CHOCOLATE GREEN,500,100g,CAMERA PIC
7,,G? DUBAI CHOCOLATE ,500,100g,CAMERA PIC
8,,ARABIAN TREATZ KUNAFA STRAWBERRY ,600,100g,CAMERA PIC
9,,ARABIAN TREATZ KUNAFA PISTACHIO ,600,100g,https://cdn.greatdeals.com.sg/wp-content/uploads/2025/02/25170650/kunafa-pistachio-chocolate-7-eleven-singapore-900x473.jpg
10,,ARABIAN TREATZ KUNAFA MANGO,600,100g,CAMERA PIC
11,,KUNAFA LIMITED EDITION,420,50g,CAMERA PIC
12,,MILLENNIUM DARK CHOCOLATE 99%,600,100g,http://tabib-jo.com/storage/products-images/5902574395788/16939349592w.jpg
13,,MILLENNIUM BRUT DARK CHOCOLATE 74%,600,100g,https://millennium-trade.com/image/cache/catalog/products/13_MILL_FAVORITE_brut74-470x310.jpg
14,,LINDT DARK CHOCOLATE 70%,600,100g,https://contenthandler-raleys.fieldera.com/prod/94038/1/0/0/480063177-Hero.jpg
15,,GALAXY DARK CHOCOLATE ,130,36g,https://www.sharjahcoop.ae/medias/6294001815259-1200Wx1200H-001.jpg?context=bWFzdGVyfHNjc3w0Njc2MjR8aW1hZ2UvanBlZ3xzY3MvaDYyL2gyNC84ODYzMjUzOTIxODIyLmpwZ3wxNGU4MWFmN2QyMzQ3ODViMTE5MGEzNDdlNzRjODY4MWFiMDc0YWZiYmUzZWE0M2E3ZmUyM2MwMzc3NGExMzBk
16,,GALAXY SMOOTH WHITE ,130,38g,https://cfn-catalog-prod.tradeling.com/up/65f5481bb07c4500f07d290e/67caf1e0c9acb5840bdc3fc1a399a6ab.jpg
17,,FIDJI CAPPUCCINO ,320,90g,https://i.ytimg.com/vi/EJQsGIy5ok0/maxresdefault.jpg
18,,FIDJI STRAWBERRY ,320,90g,CAMERA PIC
19,,FIDJI HAZELNUT ,320,90g,CAMERA PIC
20,,KIT KAT DARK CHOCOLATE ,220,150g,https://m.media-amazon.com/images/I/81cxxRUfOXL._SL1500_.jpg
21,,KIT KAT DELIGHT ,220,150g,CAMERA PIC
22,,DIGESTIVE ORIGINAL ,45,30g,CAMERA PIC
23,,DIGESTIVE CARAMEL ,49,30g,CAMERA PIC
24,,MINIS,1299,500g,https://m.media-amazon.com/images/I/61zqGQoqCrL._AC_SL1178_.jpg
25,,DIGESTIVE ORIGINAL 400g,349,400g,https://i0.wp.com/nextcashandcarry.com.ng/wp-content/uploads/2023/05/MCVITIES-DIGESTIVE-D-ORIGINAL-400G.jpg?fit=1000%2C1000&ssl=1
26,,SNICKERS 11.5G,10,11.5g,https://5.imimg.com/data5/SELLER/Default/2023/11/363633849/WW/SV/SQ/199268574/snickers-trio-112-5g-in-bulk-1000x1000.jpg
27,,SNICKERS 20G,20,20g,https://5.imimg.com/data5/SELLER/Default/2025/5/511921325/CS/TB/OO/97508240/20g-snickers-peanut-filled-chocolate-bar-500x500.png
28,,GO FRESH ,30,20g,https://doddys.lk/wp-content/uploads/2022/11/Go-fresh-x1-01.jpg
29,,SNICKERS 50G,70,50g,https://www.mashed.com/img/gallery/snickers-just-launched-a-brand-new-high-protein-bar/l-intro-1670959713.jpg
30,,TWIX ,70,50g,https://www.twix.com/sites/g/files/fnmzdf236/files/migrate-product-files/pm57alsea7mspqhhgfuf.png
31,,SNICKERS 40G,50,40g,https://i0.wp.com/treatsnstuff.com/wp-content/uploads/2023/01/Snickers-20G-1.jpg?fit=800%2C800&ssl=1
32,,KIT KAT 4PCS,90,41.5g,https://media.naheed.pk/catalog/product/cache/2f2d0cb0c5f92580479e8350be94f387/1/0/1030270-rpl-1.jpg
33,,MARS,90,20g,https://i.pinimg.com/originals/70/44/ac/7044ac23550efa34f0c562ea9f41e198.png
34,,SNICKERS CARAMEL,145,42g,https://images-na.ssl-images-amazon.com/images/I/41+B9T2lgkL._SL500_._AC_SL500_.jpg
35,,FRUIT TELLA GRAPES,59,,CAMERA PIC
36,,FRUIT TELLA ORANGE,59,,CAMERA PIC
37,,FRUIT TELLA STRAWBERRY AND BANANA ,59,,CAMERA PIC
38,,MILK CHOCOLATE ,62,,CAMERA PIC
39,,KIT KAT 8PCS PACK,400,141.6g,https://osfor.com.tr/wp-content/uploads/2020/12/KIT-KAT-20.7G-ORIGINAL8PCS.jpg
40,,SNICKERS 5PCS PACK,250,115g,https://cdn.mafrservices.com/pim-content/UAE/media/product/2249151/1753128604/2249151_main.jpg?im=Resize=400
41,,HOT FIRE SOFFTY,149,120g,https://a57.foxnews.com/static.foxnews.com/foxnews.com/content/uploads/2020/06/1200/675/roasting-marshmallow.jpg?ve=1&tl=1
42,,JUICY DROPS PEACH ,15,17.5g,CAMERA PIC
43,,JUICY DROPS WATERMELON ,15,17.5g,CAMERA PIC
44,,CHUPA CHUPS,99,11g,CAMERA PIC
45,,HUBBA BUBBA SNAPPY STRAWBERRY ,199,56g,https://creativesweets.co.za/wp-content/uploads/2022/05/Hubba-Bubba-Strawberry.jpg
46,,HUBBA BUBBA FANCY FRUIT,199,56g,https://www.koratchef.com/wp-content/uploads/2025/02/Hubba-Bubba-Fancy-Fruit-Bubblegum-Mega-Long-56g.png
47,,BATOOK SPECIAL MINT,15,12.5g,https://supersavings.lk/wp-content/uploads/2023/05/batook-special-mint.jpg
48,,BATOOK BANANA,15,12.5g,https://m.media-amazon.com/images/I/51TkWNsDO7L._SL1200_.jpg
49,,BATOOK CARDAMOM,15,12.5g,https://cdn.mafrservices.com/sys-master-root/h2b/h2b/9277803855902/207630_main.jpg?im=Resize=480
50,,BATOOK GRAPES,15,12.5g,http://www.batook.com/wp-content/uploads/2021/05/B-GRAPE1.png
51,,IMPACT MINTS PINEAPPLE ,149,14g,https://impactmints.in/cdn/shop/files/Pineapple.jpg?v=1698321831&width=1946
52,,IMPACT MINTS PEACH,149,14g,http://impactmints.in/cdn/shop/files/Peach.jpg?v=1698321686
53,,IMPACT MINTS STRAWBERRY ,149,14g,https://rukminim1.flixcart.com/image/416/416/l55nekw0/candy-mouth-freshener/w/a/7/14-sugar-free-mints-strawberry-1-impact-mints-original-imagfwczsfttqqwp.jpeg?q=70
54,,MENTOS MINT,25,29.7g,https://a.allegroimg.com/original/110f91/8e44ae964c08b42fb58fa95dbe02/Mentos-Mint-cukierki-do-zucia-40x38g
55,,MENTOS RAINBOW ,25,29.7g,https://mwdsnacks.com/wp-content/uploads/2020/05/527239.jpg
56,,EXTRA SPEARMINT ,60,14g,https://images-na.ssl-images-amazon.com/images/I/414XWcweBCL._SL500_._AC_SL500_.jpg
57,,EXTRA PEPPER MINT,60,14g,https://digitalcontent.api.tesco.com/v2/media/ghs/15305df0-96f6-4e58-bb26-e88a2ecdc72c/bbe99133-bdff-4359-a80e-da7aa6ec8ce4_416057431.jpeg?h=960&w=960
58,,EXTRA WATERMELON ,60,14g,https://www.wholesalesweets.co.uk/_next/image?url=https%3A%2F%2Fws-api.hancocks.co.uk%2Fmedia%2Fcatalog%2Fproduct%2F3%2F1%2F315339_b_24.jpg&w=3840&q=75
59,,EXTRA STRAWBERRY ,60,14g,https://encrypted-tbn0.gstatic.com/images?q=tbn:ANd9GcS6waTfq-YTGm2G_5OfqPrbsNnya5irSjl5Bg&s
,,BISCUITS,,,
64,,MUNCHEE MILK BISCUIT,60,200g,"https://m.media-amazon.com/images/I/612dRstUCTL.jpg_BO30,255,255,255_UF900,850_SR1910,1000,0,C_QL100_.jpg"
65,,MUNCHEE MILK BISCUIT 75G,20,75g,https://quickee.com/wp-content/uploads/2022/10/MUNCHEE-MILK-SHORT-CAKE-BISCUITS-85G-1.png
66,,MUNCHEE GINGER BISCUIT ,20,75g,https://shionlankafoods.com/wp-content/uploads/2024/01/IMG_9675.jpeg
60,,ASTRO COOKIES AND CREAM ,27,36g,https://cdn.mafrservices.com/pim-content/UAE/media/product/2121697/1748772003/2121697_main.jpg
61,,NUTELLA BISCUIT POUCH ,780,276g,"https://m.media-amazon.com/images/I/71O+0LxwkJL._AC_UF894,1000_QL80_.jpg"
,,CHOCOLATES,,,
67,,FORTUNA T8 HEART ,220,80g,CAMERA PIC
68,,FORTUNA T12 HEART ,300,120g,https://dealayo.com/media/catalog/product/f/o/fortuna-chocolate-16s-heart-golden-1_1.jpg?width=265&height=265&store=default&image-type=image
69,,FORTUNA T5 PANDA ,160,50g,https://cdn.sybazzar.com/public/840-840/files/C0AC92182A81E55-vtt.jpg
70,,FORTUNA T5 RABBIT ,210,50g,https://image.made-in-china.com/2f0j00RtgkiLsURPca/T5-Crushed-Peanut-Wafer-Bll-Chocolate-in-Rabbit-Mould.webp
71,,FORTUNA T12 RECTANGLE ,300,120g,CAMERA PIC
72,,KAT KAT TAT,40,20g,https://m.media-amazon.com/images/I/81ZmamJKFvL.jpg
62,,FERRERO ROCHER T16,1499,200g,https://delhidutyfree.co.in/media/catalog/product/cache/c3073cf0652b87af145d4aff9d92466d/1/5/1501066.jpg
,,BISCUITS,,,
73,,SUGAR FREE CHOCOLATE BISCUIT ,245,190g,CAMERA PIC
74,,SUGAR FREE LEMON BISCUIT ,245,190g,CAMERA PIC
75,,SUGAR FREE ORANGE BISCUIT ,245,190g,CAMERA PIC
,,CHOCOLATES,,,
76,,BOUNTY BAR,101,57g,https://5.imimg.com/data5/RM/LR/GB/GLADMIN-6335932/bounty-chocolate-500x500.jpg
77,,KALFANY ASSORTED FRUIT DROPS,490,150g,https://www.kalfany.de/sites/default/files/content/produkte/3d_ky-150g_assorted-fruit_300dpi.png
78,,KALFANY CITRUS FRUIT DROPS ,490,150g,"https://m.media-amazon.com/images/I/61Xv+4FkBlL.jpg_BO30,255,255,255_UF900,850_SR1910,1000,0,C_QL100_.jpg"
79,,KALFANY STRAWBERRY DROPS ,490,150g,https://www.kalfany.de/sites/default/files/content/produkte/3d_ky-150g_strawberry_300dpi.png
80,,KALFANY FRUIT SELECTION DROPS,490,150g,https://www.kalfany.de/sites/default/files/content/produkte/3d_ky-150g_fruit-selection.png
81,,KALFANY CHERRY DROPS,490,150g,https://www.heinemann-shop.com/medias/300Wx300H-null?context=bWFzdGVyfGltYWdlc3wyOTkwNXxpbWFnZS9qcGVnfGFHTTFMMmcxWmk4eE1qYzFOemN3TWpZd05qZzNPQzh6TURCWGVETXdNRWhmYm5Wc2JBfGUxMjdjYzU2YWIyZjNiMTlhZGNjNTdlNGQ1YWRkMWViZDYzNDE1MDU4NTFmYmI0OWIyNWIxNjMyZjc2NzYwN2E&v=1758227507859
82,,KALFANY COFFEE DROPS,490,150g,https://www.heinemann-shop.com/medias/527Wx527H-null?context=bWFzdGVyfGltYWdlc3w1NDIzN3xpbWFnZS9qcGVnfGFEQTFMMmd6TkM4eE1ESTFOREl6TlRreU5qVTFPQzgxTWpkWGVEVXlOMGhmYm5Wc2JBfGFiNmMyNTg1ZmY1OGQ1YjcxNWE2OTRmNzhlNzIyMTY2ODc4ZTkxODFkNzA1NjZkNTBjNDE1YzZjYWNhZTFkMTA&v=1706134884041
83,,MARSHZONE MARSHMALLOW FRIES,150,,https://americanfizz.co.uk/media/catalog/product/cache/207e23213cf636ccdef205098cf3c8a3/w/h/whatsapp_image_2025-08-01_at_14.36.59_e856a486.jpg
85,,COCON PUDDING,230,480g,https://cdn.grofers.com/da/cms-assets/cms/product/6a43871d-5de6-4bc6-881d-b2e455395453.jpg
86,,TWIN BURGER,25,14g,https://dealzdxb.com/wp-content/uploads/2025/03/250g-2025-03-23T183111.636.png
87,,GUMMI PIZZA,28,14g,https://www.bbassets.com/media/uploads/p/l/40123507_1-yupi-gummi-pizza.jpg
88,,GUMMI PIZZA PACKET,220,96g,https://images-cdn.ubuy.co.in/6351b64ff6b13c56236ccbe5-yupi-brand-jelly-gummi-pizza-64g-x-2.jpg
89,,KINDER CARDS 76G,500,76g,https://cococart.in/cdn/shop/files/1CH1819.png?v=1685097555
90,,KINDER CARDS 256 G,1099,256g,https://m.media-amazon.com/images/I/61xf7XxFKfL.jpg
91,,KINDER CHOCOLATE ,25,14g,https://m.media-amazon.com/images/I/61WsguXrxML.jpg
92,,KINDER CREAMY,30,19g,https://www.bbassets.com/media/uploads/p/l/40200865_3-kinder-creamy-milky-cocoa-chocolate-with-extruded-rice.jpg
93,,HERSHEY'S EXTRA CREAMY,500,50g,"https://cdn.grofers.com/cdn-cgi/image/f=auto,fit=scale-down,q=70,metadata=none,w=1080/da/cms-assets/cms/product/1821e88d-7dd4-4ea8-a5f7-04232fbf52e4.png"
94,,HERSHEY'S SPECIAL DARK,500,50g,https://m.media-amazon.com/images/I/71A8nY+KDFL.jpg
95,,DAIRY MILK WHOLENUT,2000,300g,https://sa.adanione.com/-/media/Foundation/Adani/Dutyfree/ProductImages/Confectionery/Chocolates/Cadbury/05A03099/1_cadbury_cdm_wholenutwtrtablet300flowwraprightglobal.jpg
96,,DAIRY MILK TRIPPLE CHOCOLATE ,2000,300g,https://www.bigbasket.com/media/uploads/p/s/40264865_1-cadbury-dairy-milk-triple-chocolate-creamy-rich-flavour.jpg
97,,DAIRY MILK CHOCOLATE ,2000,300g,"https://images.shop.frankfurt-airport.com/pim/defaults/1340x,jpeg/catalog/2/c/0/b/2c0bb3cd186702a0e7ac06b4a6436d6b_1087377_1.jpg"
,,SAFRON,,,
98,,SAFRON 1G,499,1g,CAMERA PIC
99,,SAFRON 4G,1599,4g,CAMERA PIC
100,,SAFRON CLASSIC 1G,499,1g,CAMERA PIC
101,,SAFRON CLASSIC 2G,699,2g,CAMERA PIC
,,CHOCOLATES,,,
102,,KINDER JOY ,50,20g,https://www.kinder.com/in/sites/kinder_in/files/2023-09/kj-4.png?t=1756481636
103,,FERRERO ROCHER T3,250,37g,https://rukminim2.flixcart.com/image/480/480/xif0q/chocolate/c/s/g/37-5-t3-chocolates-imported-37-5gms-1-ferrero-rocher-original-imaggmurdhhzhben.jpeg?q=90
104,,DUBAI CHOCOLATE PACKET ,1500,200g,CAMERA PIC
105,,TOBLERONE MILK CHOCOLATE WITH HONEY AND ALMOND,89,35g,https://cdn.mafrservices.com/pim-content/UAE/media/product/5526/1755749403/5526_main.jpg?im=Resize=400
106,,TOBLERONE WHITE CHOCOLATE WITH HONEY AND ALMOND,325,100g,"https://m.media-amazon.com/images/I/41oAL5prKeL._AC_UF350,350_QL80_.jpg"
107,,TOBLERONE MILK CHOCOLATE WITH HONEY AND ALMOND,325,100g,https://upload.wikimedia.org/wikipedia/commons/c/cc/Toblerone_3362.jpg
108,,TOBLERONE MILK CHOCOLATE WITH HONEY AND ALMOND & SALTED CARAMELIZED ALMOND ,325,100g,https://cococart.in/cdn/shop/files/1CH0402.jpg?v=1711957093
109,,TOBLERONE MILK CHOCOLATE WITH RAISINS & HONEY AND ALMOND,325,100g,TOBLERONE MILK CHOCOLATE WITH RAISINS & HONEY AND ALMOND
110,,TOBLERONE MILK CHOCOLATE WITH HONEY AND ALMOND PACKET,1099,200g,https://rukminim2.flixcart.com/image/480/480/xif0q/chocolate/w/t/k/200-milk-chocolate-with-honey-and-almond-nougat-1-toblerone-original-imahfy852huhegam.jpeg?q=90
111,,DAIM CHOCOLATE PACKET ,780,200g,"https://m.media-amazon.com/images/I/51NdHJ+HOUL._AC_UF350,350_QL80_.jpg"
,,NUTS  ,,,
112,,BEST CASTAWAY CASHEWS,60,13g,https://cdn.mafrservices.com/pim-content/UAE/media/product/98409/1749529203/98409_main.jpg
113,,COSMIC CLASIC MIX,60,20g,https://z.nooncdn.com/products/tr:n-t_400/v1641202128/N27682083A_1.jpg
114,,POPIN PISTACHIO,60,13g,https://ebaqala.com/6955-large_default/best_popin_pistachio_13gm.jpg
,,CHIPS,,,
115,,TIFFANY FINNS SALT AND VINEGAR,200,85g,CAMERA PIC
116,,TIFFANY FINNS LOUISIANA CHILLI ,200,85g,CAMERA PIC
,,BISCUITS,,,
117,,OMAN DATE BAR ,35,21g,https://superdokan.com/cdn/shop/files/85deb5e3a7cbea86a4b7da77f335ca83.webp?v=1730294712
118,,MAAMOUL OMAN DATE BISCUIT ,25,20g,https://kuwait.grandhyper.com/image/cache/catalog/products/1/9501025224316-1000x1000.jpeg
119,,MAAMOUL SAUDIA DATE BISCUIT ,25,19g,https://cdn.mafrservices.com/sys-master-root/h69/heb/49644794150942/982246_main.jpg
,,CHOCOLATES,,,
120,,JEWELS GALAXY CHOCOLATE BOX ,1499,383g,"https://images-eu.ssl-images-amazon.com/images/I/81vW4WuwydL._AC_UL600_SR600,600_.jpg"
121,,CHOCO TIDO ,20,18g,https://d1l8km4g5s76x5.cloudfront.net/Production/exb_doc/2033/35459/2033_35459_34890_8493.png/fit-in/500x500
122,,SAFARI,30,22g,https://gulfmarket.in/admin8891450001/uploadimg/17065202072116IMG_20240129_144422.jpg
123,,MARSHZONE MARSHMALLOW SPORTS ,160,,CAMERA PIC
124,,HERSHEY'S COOKIES AND CREAM ,110,40g,"https://m.media-amazon.com/images/I/61GlLbaW2SL._AC_UF894,1000_QL80_.jpg"
125,,TRUFFE SELECTION CHOCOLATES BOX,150,250g,CAMERA PIC
126,,BREAK CHOCOLATE ,60,25g,https://cdn.mafrservices.com/sys-master-root/h75/h28/61922655862814/403072_main.jpg
127,,NANI PISTACHIO NOUGAT & CARAMEL CHOCOLATE BAR ,59,40g,https://export.shirinasal.com/Content/Images/Products/plog5199.png
128,,NANI ALMOND CARAMEL AND NOUGAT CHOCOLATE BAR,59,40g,https://export.shirinasal.com/Content/Images/Products/plog5384.png
129,,HISS CRISPY WAFER,25,21g,https://cdn.shopify.com/s/files/1/0567/3808/7091/products/hiss-chocolate01-18781-681819-170821031841.jpg?v=1678443268
130,,FOXS FRUITY MINTS ,160,90g,https://m.media-amazon.com/images/I/81HIwzI3noL.jpg
131,,FOXS FRUITS ,160,90g,"https://m.media-amazon.com/images/I/81hV1n7LJtL._AC_UF894,1000_QL80_.jpg"
132,,FOXS BERRIES ,160,90g,https://m.media-amazon.com/images/I/61bbOdn3OHL.jpg
133,,FOXS MINTS ,160,90g,https://m.media-amazon.com/images/I/81S416nVyiL.jpg
134,,FOXS FRUITS TIN,280,180g,https://m.media-amazon.com/images/I/51ut4zwuy0L.jpg
135,,FOXS FRUITY MINTS TIN,280,180g,"https://m.media-amazon.com/images/I/51Auj8C6lPL._AC_UF894,1000_QL80_.jpg"
136,,FOXS BERRIES TIN,280,180g,"https://m.media-amazon.com/images/I/61aRTde1G4L._AC_UF350,350_QL50_.jpg"
139,,TIC TAC ORANGE ,10,7.2g,https://www.bbassets.com/media/uploads/p/xl/268978_7-tic-tac-orange-flavoured.jpg
140,,TIC TAC MINT,10,7.2g,https://www.bbassets.com/media/uploads/p/l/40124695_6-tic-tac-candy-mint.jpg
,,BISCUITS,,,
141,,BISCOFF BISCUIT ,699,250g,https://www.just-food.com/wp-content/uploads/sites/28/2024/06/shutterstock_2445503485-e1718272184430.jpg
142,,COFFEE JOY BISCUIT ,59,37g,https://5.imimg.com/data5/ANDROID/Default/2023/6/320252506/YI/NZ/HJ/46851918/product-jpeg.jpg
199,,TIFFANY GLUCOSE MILK AND HONEY BISCUITS ,50,40G,https://cdn.mafrservices.com/pim-content/UAE/media/product/5671/1748782804/5671_main.jpg
,,CHOCOLATES,,,
143,,MEIJI HELLO PANDA CHOCOLATE BISCUIT ,99,22g,https://cdn.mafrservices.com/pim-content/UAE/media/product/2178899/1748602804/2178899_main.jpg
144,,MEIJI HELLO PANDA STRAWBERRY BISCUIT ,99,42g,https://snackstar.in/cdn/shop/files/Untitled_design_30_5_1200x1200.png?v=1755761924
145,,MEIJI MINI HELLO PANDA CHOCOLATE BISCUIT ,49,21g,https://m.media-amazon.com/images/I/811ObRnJLoL._AC_SL1500_.jpg
146,,3D EYE SPINNER ,15,8g,https://cdn.quicksell.co/-Mj5BUyTtyTgI5aqzZnV/products/-OTC9K0okYQTeZmL0aIj.jpg
147,,EYE BALL GUMMY SOFT CANDY,10,10g,"https://m.media-amazon.com/images/I/818Pt3QmziL._AC_UF894,1000_QL80_.jpg"
148,,QUAKER WHOLE OATS,700,900g,https://cdn.mafrservices.com/pim-content/UAE/media/product/2222896/1734274803/2222896_main.jpg?im=Resize=376
149,,NUTELLA HAZELNUT SPREAD WITH COCOA,250,180g,"https://instamart-media-assets.swiggy.com/swiggy/image/upload/fl_lossy,f_auto,q_auto,h_600/NI_CATALOG/IMAGES/CIW/2025/9/29/d149b0f9-7e68-4756-9781-feb9d21edcee_13728_1.png"
150,,NUTELLA HAZELNUT SPREAD WITH COCOA,450,350g,https://i5.peapod.com/c/I4/I4NKE.png
151,,ALMARAI CREAMY TASTE,460,200g,https://gulfmarket.in/admin8891450001/uploadimg/1746608034351591acfb82-03ca-4e7b-8e10-be1deed4830f_copy_625x625.jpg.jpg
152,,ALMARAI CREAMY TASTE,899,500g,https://gulfmarket.in/admin8891450001/uploadimg/1746608034351591acfb82-03ca-4e7b-8e10-be1deed4830f_copy_625x625.jpg.jpg
153,,BISCOFF SMOOTH,699,400g,https://m.media-amazon.com/images/I/71bSZLv6VeL.jpg
154,,SONYA PEANUT BUTTER CRUNCHY ,260,510g,https://www.sonyafoods.com/cdn/shop/products/crunchy-peanut-butter.png?v=1551446650
155,,SONYA PEANUT BUTTER CREAMY,260,510g,https://www.sonyafoods.com/cdn/shop/products/creamy-peanut-butter.png?v=1551447098
156,,NUTS CRISP ,399,400g,https://www.shundat.com/cdn/shop/files/9_913fde3b-3dac-4125-a0c3-b37e93bcbe18.jpg?v=1726454539
157,,COFFEE MATE ,380,400g,https://rukminim2.flixcart.com/image/480/640/xif0q/coffee/j/j/t/400-coffee-mate-original-plastic-bottle-1-instant-coffee-nestle-original-imaha8t5jyradbhz.jpeg?q=90
159,,HEINZ APPLE CIDER VINEGAR,480,500ml,"https://onemg.gumlet.io/l_watermark_346,w_480,h_480/a_ignore,w_480,h_480,c_fit,q_auto,f_auto/cropped/sgrahoszkbp2fir8ew3c.png?dpr=3&format=auto"
,,MILK POWDER,,,
160,,ANCHOR POWDER,3200,2.25kg ,https://m.media-amazon.com/images/I/61MSINtynKL.jpg
,,SEEDS,,,
162,,ROASTED MAKHANA TOMATO ,159,55g,CAMERA PIC
163,,ROASTED MAKHANA PERI PERI,159,55g,CAMERA PIC
164,,ROASTED MAKHANA MINTY PUDHINA,159,55g,CAMERA PIC
165,,ROASTED MAKHANA CREAM AND ONION,159,55g,CAMERA PIC
166,,FARMLEY MAKHANA ,299,100g,CAMERA PIC
,,DRY FRUITS,,,
167,,PRO PREMIUM APRICOT DRIED WHOLE ,299,250g,"https://www.jiomart.com/images/product/original/492864459/prov-premium-dried-whole-apricots-250-g-product-images-o492864459-p592451470-0-202207082131.jpg?im=Resize=(1000,1000)"
,,JUICE POWDERS,,,
158,,TANG MANGO BOTTLE ,850,750g,https://m.media-amazon.com/images/I/61unbBsyzKL.jpg
168,,TANG ORANGE PACKET ,259,375g,https://m.media-amazon.com/images/I/91goTc9nx1L.jpg
169,,TANG PINEAPPLE PACKET ,259,375g,https://m.media-amazon.com/images/I/81LkX3XqBFL.jpg
170,,TANG TROPICAL PACKET ,259,375g,https://m.media-amazon.com/images/I/61XaYq2aa8L.jpg
171,,TANG LEMON PACKET ,259,375g,"https://m.media-amazon.com/images/I/61DVNNX052L._AC_UF894,1000_QL80_.jpg"
,,CHOCOLATES,,,
172,,HERSHEY'S WHOLE ALMONDS COVERED IN CREAMY MILK CHOCOLATE ,500,60g,https://bf1af2.akinoncloudcdn.com/products/2024/12/26/97798/49ce4e73-077e-4a79-9b38-d60fb4e1fcd3_size3840_cropCenter.jpg
173,,CHOKI CHOKI ,49,27g,https://cdn11.bigcommerce.com/s-5wf0xbtgyb/images/stencil/1280x1280/products/5544/15842/image_3576610d-c79c-4dea-bd55-5a3ae25db356__19935.1709713250.jpg?c=2?imbypass=on
174,,MEIJI YAN YAN STRAWBERRY BISCUIT WITH STRAWBERRY CREAM ,110,40g,https://regalplus.com/cdn/shop/files/1af6bdad-d034-4893-89d8-87dcb44b6080.jpg?v=1736526889
175,,MEIJI YAN YAN CHOCOLATE BISCUIT WITH CHOCOLATE CREAM ,110,40g,https://www.meiji.com/global/food/common/img/chocolate/chocolate_33.jpg
176,,OREOGO CHOCOLATE STICK & CREAM DIP,99,40g,"https://m.media-amazon.com/images/I/41s7KsLpGJL.jpg_BO30,255,255,255_UF900,850_SR1910,1000,0,C_PIRIOFOUR-medium,BottomLeft,30,-20_ZJPHNwYW4gZm9yZWdyb3VuZD0iIzU2NTk1OSIgZm9udD0iQW1hem9uRW1iZXIgNTAiID43PC9zcGFuPg==,500,900,420,420,0,0_QL100_.jpg"
179,,QUICK MILK MAGIC SNIPER SALTED CARAMEL ,199,30g,"https://m.media-amazon.com/images/I/61H1DKnuvQL._AC_UF894,1000_QL80_.jpg"
182,,DREAM EXTRA FINE CHOCO BISCUIT ,129,80g,https://www.cyruscrafts.com/6124-medium_default/shirin-asal-milk-chocolate-biscuits-ta-1722--80-grams.jpg
183,,KOPIKO CAPPUCCINO CHOCOLATE PACKET,499,400g,"https://m.media-amazon.com/images/I/51cyO3lnBbL._AC_UF350,350_QL80_.jpg"
184,,KOPIKO COFFEE CHOCOLATE PACKET,499,400g,"https://images-eu.ssl-images-amazon.com/images/I/61+qo18aisL._AC_UL900_SR615,900_.jpg"
185,,BAR B Q JELLY,25,,"https://m.media-amazon.com/images/I/51+6Y+mxWJL._AC_UF894,1000_QL80_.jpg"
186,,MALTESERS,140,37g,"https://cdn.grofers.com/cdn-cgi/image/f=auto,fit=scale-down,q=70,metadata=none,w=1080/da/cms-assets/cms/product/7adf2fbe-d6c2-4a3b-9556-56c7dc3620bd.png"
,,WAFFERS,,,
187,,LOACKER CLASIC NAPOLITANER,130,45g,https://m.media-amazon.com/images/I/51OtqZTQKcS.jpg
188,,TIFFANY CRUNCH AND CREAMY STRAWBERRY WAFFERS,99,135g,https://www.jiomart.com/images/product/original/490009651/tiffany-crunch-n-cream-strawberry-wafers-135-g-product-images-o490009651-p590116248-0-202402130909.jpg
189,,TIFFANY CRUNCH AND CREAMY CHOCOLATE WAFFERS,99,135g,https://m.media-amazon.com/images/I/713UUylcZwL.jpg
190,,TIFFANY CRUNCH AND CREAMY HAZELNUT WAFFERS,99,135g,https://www.jiomart.com/images/product/original/490009649/tiffany-crunch-n-cream-hazelnut-wafers-135-g-product-images-o490009649-p590116246-0-202402130909.jpg
191,,TIFFANY CRUNCH AND CREAMY ORANGE WAFFERS,99,135g,https://m.media-amazon.com/images/I/71PV1kQovML.jpg
192,,TIFFANY CRUNCH AND CREAMY VANILA WAFFERS,99,135g,"https://m.media-amazon.com/images/I/71uyk1+oUEL._AC_UF894,1000_QL80_.jpg"
193,,TIFFANY CRUNCH AND CREAMY STRAWBERRY WAFFERS,66,65g,"https://www.jiomart.com/images/product/original/490160321/tiffany-crunch-n-cream-strawberry-wafers-65-g-product-images-o490160321-p590123140-0-202402130909.jpg?im=Resize=(420,420)"
194,,TIFFANY CRUNCH AND CREAMY CHOCOLATE WAFFERS,66,65g,https://i.chaldn.com/_mpimage/tiffany-crunch-n-cream-chocolate-wafers-65-gm?src=https%3A%2F%2Feggyolk.chaldal.com%2Fapi%2FPicture%2FRaw%3FpictureId%3D136236&q=best&v=1&m=400&m=1600
195,,TIFFANY CRUNCH AND CREAMY HAZELNUT WAFFERS,66,65g,https://www.bbassets.com/media/uploads/p/l/40002870_3-tiffany-cream-wafers-crunch-n-cream-crunchiest-hazelnut-flavored.jpg
196,,TIFFANY CRUNCH AND CREAMY ORANGE WAFFERS,66,65g,https://www.jiomart.com/images/product/original/490160320/tiffany-crunch-n-cream-orange-wafers-65-g-product-images-o490160320-p590123139-0-202411221049.jpg
197,,TIFFANY CRUNCH AND CREAMY VANILA WAFFERS,66,65g,https://www.jiomart.com/images/product/original/490009652/tiffany-crunch-n-cream-vanilla-wafers-135-g-product-images-o490009652-p590116249-0-202402130909.jpg
198,,OREO DUTCH COCOA WAFFER,125,117g,https://down-my.img.susercontent.com/file/7d9bc59f448789de3642378180905c4e
,,CHOCOLATES,,,
200,,M&M CRISPY ,130,36g,https://cococart.in/cdn/shop/files/1CH2623.jpg?v=1737701327
201,,M&M PEANUT,130,45g,https://cococart.in/cdn/shop/products/m_m-22.png?v=1659950215
202,,M&M CHOCOLATE ,130,45g,https://www.wholesaleshopy.com/assets/grocery/S2aELV4dWqe3P9y.jpg
203,,MILKA OREO,249,90g,"https://m.media-amazon.com/images/I/714WuPgiauL._AC_UF894,1000_QL80_.jpg"
204,,MILKA STRAWBERRY ,240,90g,"https://m.media-amazon.com/images/I/710aUglHxWL._AC_UF894,1000_QL80_.jpg"
205,,MILKA ALPINE MILK,240,98g,"https://www.jiomart.com/images/product/original/491695935/milka-alpine-milk-chocolate-100-g-product-images-o491695935-p608195499-0-202402271225.jpg?im=Resize=(420,420)"
206,,MILKA BUBBLY ALPINE MILK ,249,90g,"https://m.media-amazon.com/images/I/71SoFL5ekDL._AC_UF894,1000_QL80_.jpg"
207,,MILKA CARAMEL ,240,95g,"https://m.media-amazon.com/images/I/717Xwed1igL._AC_UF894,1000_QL80_.jpg"
208,,CADBURY DAIRY MILK HAZELNUT ,420,130g,https://5.imimg.com/data5/SELLER/Default/2025/10/550641968/HG/CG/CC/63388968/005104-1-1-e7fe7a58-dad7-4f29-b647-c572eacce8b6-500x500.jpg
209,,CADBURY DAIRY MILK BLACK FOREST ,420,130g,"https://m.media-amazon.com/images/I/41YF6E5MdAL._AC_UF894,1000_QL80_.jpg"
210,,CADBURY DAIRY MILK COKLAT SUSU MILK CHOCOLATE ,420,135g,CAMERA PIC
211,,DAIRY MILK ROAST ALMOND ,420,130g,https://5.imimg.com/data5/SELLER/Default/2025/10/550644046/QK/XJ/QF/63388968/my-11134201-7rase-m7lr0ilbbyji11-500x500.jpg
212,,CADBURY DAIRY MILK BUBBLY ,290,87g,https://m.media-amazon.com/images/I/71RnYZhHNhL.jpg
213,,CONFETTERIA RAFFAELLO ,160,30g,https://maplesfood.com/wp-content/uploads/2020/12/raffaello-3pcs.jpg
,,CHIPS,,,
215,,PRINGLES TANGY TOMATO TWIST ,120,102g,"https://m.media-amazon.com/images/I/717OXDQY87L._AC_UF894,1000_QL80_.jpg"
216,,PRINGLES PIZZA,120,102g,https://www.bbassets.com/media/uploads/p/l/40127974_8-pringles-potato-crisps-pizza-flavour.jpg
217,,PRINGLES SOUTH AFRICAN STYLE PERI PERI,120,102g,"https://instamart-media-assets.swiggy.com/swiggy/image/upload/fl_lossy,f_auto,q_auto/NI_CATALOG/IMAGES/CIW/2024/11/7/25f8b191-39aa-41fa-8009-79135dfed790_632_1.png"
218,,PRINGLES SALT AND VINEGAR ,249,165g,"https://m.media-amazon.com/images/I/71c9NQ0RIpL._AC_UF894,1000_QL80_.jpg"
219,,HAMDARD SARBATH ,1000,800ml,"https://m.media-amazon.com/images/I/61DhX83h6bL._AC_UF894,1000_QL80_.jpg"
220,,EVIAN NATURAL MINERAL WATER ,149,500ml,https://m.media-amazon.com/images/I/61oQ5VdP7EL.jpg
,,JUICES,,,
221,,MOGU MOGU MELON,70,320ml,"https://images.apollo247.in/pub/media/catalog/product/m/o/mog0026-2.jpg?tr=q-80,f-webp,w-400,dpr-3,c-at_max%20400w"
222,,MOGU MOGU ORANGE,70,320ml,https://cdn.grofers.com/da/cms-assets/cms/product/87d776f4-438b-48c2-b4db-98087d8c0236.jpg
223,,MOGU MOGU APPLE,70,320ml,https://www.healthfoods4us.com/brands/mogumogu/products/mogu_apple.png
224,,MOGU MOGU GRAPES,70,320ml,https://www.bbassets.com/media/uploads/p/l/100334329_7-mogu-mogu-juice-grape.jpg
225,,MOGU MOGU STRAWBERRY ,70,320ml,https://www.bbassets.com/media/uploads/p/l/100334326_6-mogu-mogu-juice-strawberry.jpg
226,,FRESA FRESHER LEMON,90,250ml,https://cms.fresa.com.tr/tr.com.fresher.v1/products-fresher-250-lemon-01.png
227,,FRESA FRESHER WATERMELON AND STRAWBERRY ,90,250ml,https://cms.fresa.com.tr/tr.com.fresher.v1/products-fresher-250-watermelon-strawberry-01.png
,,WAFFER STICKS,,,
232,,ASTOR WAFER STICK COKELAT MORE CHOCOLATE ,899,330g,https://images-cdn.ubuy.co.in/6365e4517a2ac8325263e7ae-astor-wafer-stick-chocolate-flavor.jpg
,,TWISTER STRAWBERRY ,300,320g,CAMERA PIC
,,TWISTER CHOCO,300,320g,CAMERA PIC
,,TWISTER CAPPUCCINO,300,320g,CAMERA PIC
,,TWISTER VANILLA,300,320g,CAMERA PIC
,,TWISTER BLACK,300,320g,CAMERA PIC
,,MILK POWERS,,,
233,,NESTLE NIDO ,1949,900g,https://m.media-amazon.com/images/I/51s1NNh46CL.jpg
234,,NESTLE NIDO ,799,400g,https://www.luckystore.in/cdn/shop/files/Nido-Milk-Powder-400g-Nutrient-Rich-Nestle-Instant-Milk-Powder-Luckystore-59877435_750x.png?v=1752229644
235,,NESTLE MILO ,549,400g,https://i0.wp.com/aafiadryfruits.in/wp-content/uploads/2024/08/mailo-tin.jpg
236,,ANCHOR FORTIFIED FULL CREAM MILK POWDER ,1250,400g,https://encrypted-tbn0.gstatic.com/images?q=tbn:ANd9GcS5M2MnZPg89zhXy0HTV-ilTBZDREmzOTkwdA&s
,,RAMEN,,,
237,,SAMYANG BULDAK CHEESE HOT CHICKEN RAMEN,190,105g,"https://m.media-amazon.com/images/I/81N6nKxHTTL._AC_UF894,1000_QL80_.jpg"
238,,SAMYANG BULDAK QUATTRO CHEESE HOT CHICKEN RAMEN,190,110g,"https://m.media-amazon.com/images/I/615uJK1utUL._AC_UF894,1000_QL80_.jpg"
239,,SAMYANG KOREAN KIMCHI FLAVOUR RAMEN ,110,70g,https://m.media-amazon.com/images/I/61axbpxSi7L.jpg
240,,SAMYANG BLACK BULDAK HOT CHICKEN FLAVOUR RAMEN ,130,70g,"https://m.media-amazon.com/images/I/41uoxtdwTnL._AC_UF894,1000_QL80_.jpg"
,,CHIPS TIN,,,
241,,PRINGLES ORIGINAL POTATO CHIPS TIN,160,37g,https://funfoods.ca/cdn/shop/files/00064100852631x.jpg?v=1759500866&width=900
242,,CHIPS OMAN POTATO CHIPS CHILLI FLAVOUR TIN,130,37g,"https://m.media-amazon.com/images/I/51hrbBfWZ5L._AC_UF350,350_QL80_.jpg"
,,MARSHMALLOWS,,,
244,,AMERICANO MARSHMALLOW TEDDY LOVE ,99,50g,CAMERA PIC
245,,AMERICANO MARSHMALLOW LOVE CANDY,99,35g,CAMERA PIC
246,,AMERICANO MARSHMALLOW HOUSE CANDY,99,35g,CAMERA PIC
251,,AMERICANO MARSHMALLOW BURGER ,99,50g,CAMERA PIC
228,,AMERICANO MARSHMALLOW RABBIT GIFT,99,35g,CAMERA PIC
229,,AMERICANO MARSHMALLOW FRUITS,99,50g,CAMERA PIC
230,,AMERICANO MARSHMALLOW TEDDY ROSE LOVE,99,35g,CAMERA PIC
231,,AMERICANO MARSHMALLOW HALLOWEEN ,99,35g,CAMERA PIC
,,OLIVE OILS,,,
256,,RS SPANISH OIL - MULTIPURPOSE OLIVE OIL,520,175ml,CAMERA PIC
257,,RS SPANISH OIL - MULTIPURPOSE OLIVE OIL,699,230ml,CAMERA PIC
258,,FIGARO SPANISH BRAND MULTIPURPOSE OLIVE OIL ,399,200ml,https://m.media-amazon.com/images/I/71ltIhBaC9L.jpg
259,,FIGARO SPANISH BRAND MULTIPURPOSE OLIVE OIL ,939,500ml,"https://m.media-amazon.com/images/I/61igacZ3vsL._AC_UF894,1000_QL80_.jpg"
260,,FIGARO PLAIN GREEN OLIVES,340,450g,https://www.bbassets.com/media/uploads/p/l/40208806_1-figaro-plain-green-olives.jpg
261,,FIGARO PLAIN BLACK OLIVES,340,450g,https://palmtreeshopping.com/cdn/shop/files/FIGARO-PLAIN-BLACK-OLIVES-450-G.png?v=1735783944
262,,DONUT MARSHMALLOW ,40,10g,https://i5.walmartimages.com/asr/fb6bb107-1a1e-4640-b697-51d7cfff2e85.f385838eb301b7c05980cea91a46a264.jpeg?odnHeight=768&odnWidth=768&odnBg=FFFFFF
263,,CARTOON MARSHMALLOW ,40,10g,https://p16-oec-sg.ibyteimg.com/tos-alisg-i-aphluv4xwc-sg/74dc74c61e4b4f938b635e5101d45e90~tplv-aphluv4xwc-crop-webp:300:300.webp?dr=15592&t=555f072d&ps=933b5bde&shp=8dbd94bf&shcp=e1be8f53&idc=my&from=2378011839
,,WAFFERS,,,
268,,QUADRATINI LOACKER VANILLA WAFFERS,299,125g,https://m.media-amazon.com/images/I/61k7O5kH8qS.jpg
269,,QUADRATINI LOACKER COCOA AND MILK WAFFERS,299,125g,https://m.media-amazon.com/images/I/51G4ZWKr7nS.jpg
270,,QUADRATINI LOACKER NAPOLITANER WAFFERS,299,125g,https://m.media-amazon.com/images/I/61hYVk2wdmL.jpg
271,,QUADRATINI LOACKER DARK CHOCOLATE WAFFERS,299,125g,https://thegiftstudio.com/cdn/shop/files/Loacker_Quadratini_Dark_Choco_Wafer_125G_1188488.jpg?v=1744102404
272,,QUADRATINI LOACKER ESPRESSO WAFFERS,299,110g,https://m.media-amazon.com/images/I/61GX-DgTq4L.jpg
273,,QUADRATINI LOACKER DOUBLE CHOC WAFFERS,299,125g,https://m.media-amazon.com/images/I/51x-TtwGgiS.jpg
274,,QUADRATINI LOACKER CAPPUCCINO WAFFERS,299,110g,https://m.media-amazon.com/images/I/61WsT6kZLWL.jpg
275,,QUADRATINI LOACKER TIRAMISU WAFFERS,480,220g,https://m.media-amazon.com/images/I/6116bcmUFKL.jpg
276,,QUADRATINI LOACKER BLUEBERRY -YOGURT WAFFERS,480,220g,https://m.media-amazon.com/images/I/61icPlr6VvS.jpg
277,,QUADRATINI LOACKER CHOCOLATE WAFFERS,499,250g,"https://m.media-amazon.com/images/I/61s69hN22fS._AC_UF894,1000_QL80_.jpg"
,,JUICES,,,
283,,COLA WITH DATES EXTRACT TIN ,120,240ml,"https://m.media-amazon.com/images/I/81SZFaJ1dNL._AC_UF894,1000_QL80_.jpg"
284,,RANI FLOAT PEACH JUICE TIN,120,240ml,https://5.imimg.com/data5/SELLER/Default/2024/7/437689080/UJ/EQ/MV/99399999/rani-fruit-drink-peach-flavor-240-ml.png
285,,RANI FLOAT GUAVA JUICE TIN,120,240ml,"https://m.media-amazon.com/images/I/51bWRooFocL._AC_UF894,1000_QL80_.jpg"
286,,RANI FLOAT MANGO JUICE TIN,120,240ml,https://5.imimg.com/data5/SELLER/Default/2024/7/437698230/MT/TR/BL/99399999/rani-fruit-drink-mango-flavor-240-ml.png
287,,RANI FLOAT PINEAPPLE JUICE TIN,120,240ml,https://5.imimg.com/data5/SELLER/Default/2024/7/437702220/IN/LH/MP/99399999/rani-fruit-drink-pineapple-flavor-240-ml.png
288,,RANI FLOAT STRAWBERRY BANANA JUICE TIN,120,240ml,https://5.imimg.com/data5/SELLER/Default/2024/7/437697839/PZ/BJ/SR/99399999/rani-fruit-drink-strawberry-banana-flavor-with-real-fruit-chunks-240-ml.png
289,,RANI FLOAT ORANGE JUICE TIN,120,240ml,https://restaurantsupplier1.com/wp-content/uploads/2024/08/Rani-Float-Can-Orange.jpg
290,,REDBULL ENERGY DRINK ,299,250ml,"https://m.media-amazon.com/images/I/51Bp30CR3IL._AC_UF894,1000_QL80_.jpg"
291,,REDBULL COCONUT EDITION COCONUT AND BERRY,299,250ml,"https://m.media-amazon.com/images/I/31gYkg+L+XL._AC_UF894,1000_QL80_.jpg"
292,,REDBULL SUMMER EDITION WHITE PEACH,299,250ml,https://images-cdn.ubuy.co.in/6818d88f1e116cc79003d6d8-red-bull-white-peach-summer-edition.jpg
293,,REDBULL ICE EDITION ICED VANILLA BERRY,299,250ml,https://www.redbull.com/energydrink/v1/resources/storyblok/images/f/287059/528x1348/2ef660537e/gb_igb_250ml_ac_the-ice-edition_country_rgb_packrq-2739_cold_closed_front_com_full.png/m/1000x0
294,,REDBULL GREEN EDITION CURUBA-ELDER FLOWER,299,250ml,https://www.redbull.com/energydrink/v1/resources/storyblok/images/f/287059/870x2200/4bc7dcbf6f/us_ce_250ml_the-green-edition_country_rgb_packrq-1710_cold_closed_front_com_25.png/m/1000x0
295,,REDBULL TROPICAL EDITION TROPICAL FRUITS ,299,250ml,"https://m.media-amazon.com/images/I/51a+Lw2ckJL._AC_UF894,1000_QL80_.jpg"
296,,REDBULL BLUE EDITION JUNEBERRY,299,250ml,https://a.storyblok.com/f/287059/870x2200/31141b9a15/us_jb_250ml_the-sea-blue-edition_country_rgb_do242582_cold_closed_front_com_25.png
297,,REDBULL PINK EDITION FOREST FRUITS ,299,250ml,https://www.redbull.com/energydrink/v1/resources/storyblok/images/f/287059/528x1348/4ef42dfdce/gb_sf-ff_250ml_the-pink-edition-sugarfree_country_rgb_master_cold_closed_front_com_full.png/m/1000x0
298,,REDBULL APRICOT EDITION APRICOT -STRAWBERRY,299,250ml,https://lyko.com/globalassets/product-images/red-bull-apricot-edition-250ml.-3617-107-0250_1.png?ref=FB3B983134
299,,RED BLUE ENERGY DRINK 250,120,250ml,https://pasal101.thulo.com.np/assets/tenant/uploads/media-uploader/pasal101/20240628012246_306213029.jpg
300,,REDBULL SHOT ,300,60ml,https://img-cdn.heureka.group/v1/2abcc85b-4299-4217-af60-b536a66e5f10.jpg
301,,VIMTO ENERGY DRINK SINCE 1908,220,250ml,"https://m.media-amazon.com/images/I/61p9sHdHQqL._AC_UF894,1000_QL80_.jpg"
302,,SHANI FRUIT FLAVOURED DRINK ,220,250ml,https://bf1af2.akinoncloudcdn.com/products/2025/06/26/379654/55be8d98-9e21-4ada-a32e-ba2400383453_size3840_cropCenter.jpg
303,,MONSTER ENERGY ,125,350ml,"https://m.media-amazon.com/images/I/61F1YLfg+wL._AC_UF894,1000_QL80_.jpg"
304,,BOOM BOOM ENERGY DRINK ,299,250ml,https://boomboostan.com/en/Uploads/products/e2e501e9-180d-4174-b332-d277306449c6.jpg
,,COOKIES,,,
305,,"SAPPHIRE ASSORTMENT ALMONDS, HAZELNUT AND RAISINS COVERED IN MILK CHOCO",500,175g,"https://m.media-amazon.com/images/I/51W3ymaUAVL._AC_UF894,1000_QL80_.jpg"
306,,SAPPHIRE ALMOND COVERED IN MILK CHOCO,500,175g,"https://m.media-amazon.com/images/I/51-i4hG72IL._AC_UF894,1000_QL80_.jpg"
307,,SAPPHIRE ALMOND COVERED IN MILK CHOCO,500,350g,https://www.bbassets.com/media/uploads/p/l/40017562_8-sapphire-almonds-almonds-covered-with-milk-choco.jpg
308,,NESTLE QUALITY STREET CHOCOLATES,1900,900g,https://www.jungle.lk/wp-content/uploads/2018/06/Nestle-Quality-Street-Chocolates-900g.jpg
309,,SAPPHIRE ALMOND COVERED IN MILK CHOCO,275,90g,https://sapphireconfectionery.com/cdn/shop/files/IMG-20240816-WA0013_1200x.png?v=1727680258
310,,AMERICANA QUALITY PREMIUM BUTTER COOKIES ,599,454g,https://murukali.com/cdn/shop/files/Americana-Premium-Butter-Cookies-454g-Murukali.com-107554143_700x700.jpg?v=1755412761
311,,HAPPY DAY ASSORTED BISCUITS ,650,600g,https://d3a9swb5fm9qfw.cloudfront.net/uploads/drive/1VQIVlWThq4Ay4M8gkTJpbNI_z4fIGYnJ.jpg
313,,MCOATY BREAKFAST OAT COOKIES CHOCOLATE CHIPS ,250,96g,https://cejdistributors.com/wp-content/uploads/2024/12/MC-OATY-W-CHOCO-CHIPS.png
314,,MCOATY BREAKFAST OAT COOKIES WITH RAISINS,250,96g,https://images.freshop.ncrcloud.com/1764405684714959886/fd9c1707ea88f6bd8b3649343e92379c_large.png
315,,GPR ROYAL BRITISH CHOCOLATE CHIPS COOKIES THE AUTHENTIC RECIPE ,250,96g,"https://instamart-media-assets.swiggy.com/swiggy/image/upload/fl_lossy,f_auto,q_auto/NI_CATALOG/IMAGES/CIW/2025/4/28/d63da293-fc93-42dc-bf39-91ad55cd12db_697726_3.png"
316,,HARRODSON TRADITIONAL RECIPE BLUEBERRY AND ALMOND BUTTER COOKIES,700,338g,https://m.media-amazon.com/images/I/61xukCrEavL.jpg
317,,SAPPHIRE CHOCOCHIP COOKIES PREMIUM COLLECTION ,350,350g,"https://m.media-amazon.com/images/I/8168C0ng73L._UF894,1000_QL80_.jpg"
318,,SAPPHIRE BUTTER COOKIES GOLD COLLECTION ,350,350g,https://m.media-amazon.com/images/I/81BoxqPT82L.jpg
319,,SAPPHIRE BUTTER COOKIES SILVER COLLECTION ,350,350g,https://sapphireconfectionery.com/cdn/shop/files/NewButterCookiesSilvercollection350gfront_1200x.jpg?v=1727677527
320,,SAPPHIRE ALMOND COVERED WITH MILK CHOCO HEART SHAPED ,475,160g,"https://m.media-amazon.com/images/I/61JAvvvGD8L._AC_UF350,350_QL80_.jpg"
321,,DANISA TRADITIONAL BUTTER COOKIES ,699,200g,"https://m.media-amazon.com/images/I/618LiFaWq9L._AC_UF1000,1000_QL80_.jpg"
322,,DANISA TRADITIONAL BUTTER COOKIES ,999,375g,"https://m.media-amazon.com/images/I/71x-TDb6t4L._AC_UF894,1000_QL80_.jpg"
323,,DANISA TRADITIONAL BUTTER COOKIES ,1999,750g,"https://cdn.sharafdg.com/cdn-cgi/image/width=600,height=600,fit=pad,format=webp,quality=70/assets/7/d/4/0/7d40d59584aa8307d17f1ef26ac1a1205d55f94a_ea3c9bd060e24546bd5c3f0409082ab5.jpg"
,,MIXED,,,
254,,GRACE HONEY MIXED DRY FRUITS ,320,400g,CAMERA PIC
255,,GRACE HONEY MIXED DRY FRUITS ,210,250g,CAMERA PIC
137,,ZAZIO MIXED BERRIES ,520,250g,https://m.media-amazon.com/images/I/711dmsEtFUL.jpg
138,,ZAZIO MIXED NUTS ,520,250g,https://m.media-amazon.com/images/I/61ex1LG9U1L.jpg
84,,DRY APRICOT POUCH ,299,250g,https://tiimg.tistatic.com/fp/1/008/112/dry-apricot-with-packaging-size-5-10-kg-6-months-shelf-life-342.jpg
,,DATE SYRUP,,,
253,,DATES SYRUP VIP ARAB,1000,1kg,CAMERA PIC
324,,ZAZIO DATE SYRUP,399,500g,"https://m.media-amazon.com/images/I/61ffx27qVeL._AC_UF894,1000_QL80_.jpg"
325,,ALL NATURAL DATE SYRUP ,249,400g,https://m.media-amazon.com/images/I/713rSxKKaPL.jpg
,,HONEY,,,
326,,APIS HIMALAYA HONEY,325,500g,"https://m.media-amazon.com/images/I/71tnN9QKWhL._AC_UF1000,1000_QL80_.jpg"
327,,WAYANAD PREMIUM PURE NATURAL HONEY,510,500g,https://5.imimg.com/data5/ANDROID/Default/2024/8/439525223/WV/UP/QR/145691869/product-jpeg-500x500.jpg
328,,ROSH HONEY,650,500g,https://s3-us-west-2.amazonaws.com/clipthedeal/shop_products/1727179319.png
329,,WAYANAD PREMIUM PURE NATURAL HONEY,260,240g,https://5.imimg.com/data5/ANDROID/Default/2024/8/439525223/WV/UP/QR/145691869/product-jpeg-500x500.jpg
330,,APIS HIMALAYA HONEY,165,225g,"https://m.media-amazon.com/images/I/51HNdejPRpL._AC_UF894,1000_QL80_.jpg"
331,,WAYANAD PREMIUM PURE NATURAL HONEY,160,140g,https://5.imimg.com/data5/ANDROID/Default/2024/8/439525223/WV/UP/QR/145691869/product-jpeg-500x500.jpg
332,,BGOOD WESTERN GHATS HERITAGE HONEY,80,120g,https://mybgood.com/cdn/shop/products/120Bgoodhoney_8313669b-b326-4677-b3df-c5dec3057015_500x.png?v=1650549665
333,,BGOOD WESTERN GHATS HERITAGE HONEY,39,50g,CAMERA PIC
334,,ALSHIFA NATURAL FLORA HONEY ,110,30g,CAMERA PIC
,,CHOCOLATE PACKETS,,,
335,,LEXUS COCONUT CREAM CHOCOLATE PACKET ,699,800g,https://5.imimg.com/data5/SELLER/Default/2024/7/431486876/NT/WI/FP/63388968/1000-gr7.png
336,,LEXUS PEANUT CREAM CHOCOLATE PACKET ,699,800g,https://5.imimg.com/data5/SELLER/Default/2024/7/431485589/JO/ER/MR/63388968/rovan-3d-eyeball-candy.png
337,,SNICKERS MINIS CHOCOLATE PACKET ,2000,500g,"https://www.jiomart.com/images/product/original/rvdcgjq33a/snickers-minis-travel-edition-cs-500-gm-product-images-orvdcgjq33a-p604238270-0-202308301556.jpg?im=Resize=(1000,1000)"
338,,MARS MINIS CHOCOLATE PACKET ,1299,500g,"https://m.media-amazon.com/images/I/71I5RVyfk0L._AC_UF894,1000_QL80_.jpg"
339,,CELEBRATION TRAVEL RETAIL EXCLUSIVE ,1699,450g,https://www.cochindutyfree.com/Userfiles/Item/1315086.jpg
340,,KINDER BUENO MINI,1499,400g,https://delhidutyfree.co.in/media/catalog/product/cache/c3073cf0652b87af145d4aff9d92466d/1/5/1501277.png
341,,LADIO CAMEL CHOCOLATE DATES,750,500g,https://cdn.mafrservices.com/pim-content/KEN/media/product/236543/1726862403/236543_main.jpg
342,,TWIX MINIS,1299,500g,"https://m.media-amazon.com/images/I/71OJxmOPRVL._AC_UF894,1000_QL80_.jpg"
,,CHIPS,,,
343,,CHIPS OMAN POTATO CHIPS CHILLI FLAVOUR ,35,15g,"https://m.media-amazon.com/images/I/51Ov9rc2mRL._AC_UF350,350_QL80_.jpg"
344,,CHIPS OMAN POTATO CHIPS CHILLI FLAVOUR ,190,50g,"https://m.media-amazon.com/images/I/718SttFoKBL._AC_UF894,1000_QL80_.jpg"
345,,SOHAR CHIPS,25,15g,https://cdn.mafrservices.com/sys-master-root/hd9/h8a/9277873422366/281598_main.jpg
346,,SALAD CHIPS ,25,15g,"https://m.media-amazon.com/images/I/61kmUOqXAEL._AC_UF350,350_QL80_.jpg"
278,,TIFFANY BUGLES CHIPS,25,10.5g,https://rukminim2.flixcart.com/image/480/480/xif0q/chips/r/w/u/125-bugles-crunchy-corn-snack-chili-unique-shaped-snack-1-original-imagunkauspsujxy.jpeg?q=90
279,,ORIENTAL SUPER RING CHEESE FLAVOUR CHIPS PACKET ,100,60g,"https://images-eu.ssl-images-amazon.com/images/I/61zamP0OdmL._AC_UL200_SR200,200_.jpg"
280,,ORIENTAL CHEESE BALLS CHEESE FLAVOUR CHIPS PACKET ,100,60g,https://www.bbassets.com/media/uploads/p/l/40068057_1-oriental-snacks-cheese-balls-cheese-flavoured.jpg
281,,MIAOW MIAOW CHEESE FLAVOURED BALLS CHICPS PACKET ,85,60g,"https://m.media-amazon.com/images/I/71uDipPOy1L._AC_UF350,350_QL80_.jpg"
282,,MIAOW MIAOW ONION FLAVOURED RINGS CHIPS PACKET ,85,60g,"https://m.media-amazon.com/images/I/81v1VcG5HvL._AC_UF350,350_QL80_.jpg"
348,,POFAK OMAN CHIPS ,25,12g,"https://m.media-amazon.com/images/I/71NE1hcvpwL._AC_UF894,1000_QL80_.jpg"
180,,QATAR PAFKI CRISPY CORN BALLS CHEESE FLAVOUR ,25,12g,https://rawabihypermarket.com/uploads/product_images/featured_image/304787.jpg
181,,QATAR PAFKI CRISPY CORN BALLS CHEDDAR AND JALAPENO FLAVOUR ,25,15g,https://www.unioncoop.ae/media/catalog/product/m/i/minijalaf_348436_8223_1.png
177,,ORIENTAL SUPER RING CHEESE FLAVOUR ,100,80g,"https://m.media-amazon.com/images/I/516nW3PQwmL._AC_UF894,1000_QL80_.jpg"
178,,ORIENTAL CHEESE BALLS CHEESE FLAVOUR ,100,80g,"https://m.media-amazon.com/images/I/51LMLDoSZZL._AC_UF350,350_QL80_.jpg"
,,TOYS,,,
312,,TURBO VENTILATOR MINI CANDY ,250,5g,https://paikaree.com.bd/public/uploads/products/photos/johny-bee-turbo-ventilator-mini-candy-multi-color---5g-paikaree.webp
347,,FUNNY SNAIL CANDY ,15,,https://s.alicdn.com/@sc04/kf/Hd7b188c57d594254aa667befb2fe58abQ/Happyday-snail-toy-candy-fruit-flavor.jpg_300x300.jpg
265,,FANTASY FAIRY PRINCESS CANDY TOYS,10,,CAMERA PIC
266,,TORPEDO EGG POP,140,,https://kokos.com/wp-content/uploads/2024/04/62720-display-front.jpg
267,,SUPPER OVER CRICKET BALL CANDY TOYS ,20,,"https://m.media-amazon.com/images/I/61qBamYrxxL._AC_UF350,350_QL80_.jpg"
264,,FUNBRELLA-UMBRELLA CANDY TOYS ,10,,https://www.bbassets.com/media/uploads/p/xl/40269749_1-toy-candy-jellybean-candy-umbrella-red-for-kids.jpg
243,,TORPEDO WATER GUN CANDY,199,15g,https://torpedocandy.com/wp-content/uploads/2024/08/Torpedo-Candy-Water-Gun-Display-Box-430x430.webp
247,,BIRD MERRY-GO-ROUND CANDY TOYS,250,,CAMERA PIC
248,,HANDHELD LIGHTUP ELEPHANT FAN CANDY TOYS,250,,CAMERA PIC
249,,BASKETBALL SHOOTING CANDY TOYS,250,,CAMERA PIC
250,,CANDY BLOCKS CANDY TOYS ,180,5g,CAMERA PIC
252,,CANDY DISPENSER CANDY TOYS ,250,20g,CAMERA PIC
214,,RACE CAR TOY CANDY ,215,3g,CAMERA PIC
161,,DINO CAR TOYS,250,,CAMERA PIC
